{"cameraMode":{"drawMode":0,"name":"Shaded","section":"Shading Mode"},"sceneLighting":true,"audioPlay":false,"sceneViewState":{"m_AlwaysRefresh":false,"showFog":true,"showSkybox":true,"showFlares":true,"showImageEffects":true,"showParticleSystems":true,"showVisualEffectGraphs":true,"m_FxEnabled":true},"in2DMode":false,"pivot":{"x":-1.7291784286499024,"y":2.1824562549591066,"z":-4.844206809997559},"rotation":{"x":0.14726953208446504,"y":0.31477320194244387,"z":-0.04950693994760513,"w":0.9363659024238586},"size":2.224895715713501,"orthographic":true}